{"cameraMode":{"drawMode":0,"name":"Shaded","section":"Shading Mode"},"sceneLighting":false,"audioPlay":false,"sceneViewState":{"showFog":true,"showMaterialUpdate":false,"showSkybox":false,"showFlares":true,"showImageEffects":true,"showParticleSystems":true},"in2DMode":false,"pivot":{"x":0.30000001192092898,"y":-1.1199922561645508,"z":-1.3299999237060547},"rotation":{"x":0.08113349229097367,"y":0.9143542647361755,"z":-0.32395535707473757,"w":0.2289942055940628},"size":0.9372373819351196,"orthographic":false}